fishery_name,est_cg,param,bias_type,mean,sd,median,q2.5,q10,q90,q97.5,rhat,ess_bulk,ess_tail,post_var,prior_sigma,prior_var,prior_contraction,fit_config,model_file,n_div,runtime_sec,b_trailer_informed,b_weakly_informed,informed_flag
Skagit fall salmon 2026,Chinook|Coho|Pink_Adult|Jack_AD|UM|UNK_Kept|Released,b[1],vehicle,0.7765311830447678,0.0996378625194659,0.7799723058763101,0.6136619068297663,0.6281213986863178,0.9152350537303744,0.947001901582074,1.065153637855185,26.821107190418644,42.56756756756756,0.00992770364744798,1,4.670774270471604,0.9978745057944224,smoke,BSS_creel_model_02_2021-01-22_ppc.stan,0,4.608457803726196,TRUE,FALSE,unconverged
Skagit fall salmon 2026,Chinook|Coho|Pink_Adult|Jack_AD|UM|UNK_Kept|Released,b[2],trailer,0.8083766236727239,0.10130292177082224,0.8062923282165406,0.6514863767112962,0.6995517110748699,0.9287793405284602,0.995430473459182,0.9868295635407413,24.367748911480703,12.662468176336594,0.01026228195930532,1,4.670774270471604,0.997802873492692,smoke,BSS_creel_model_02_2021-01-22_ppc.stan,0,4.608457803726196,TRUE,FALSE,unconverged
Skagit spring Chinook 2026 lower,Chinook_Adult_UM_Kept|Released,b[1],vehicle,0.9683779640835264,0.13841628673035414,0.966521447361134,0.7420912301537397,0.8138166202636364,1.116516382457317,1.2288047792596009,1.0291666801557366,38.220373055277534,13.417577736759906,0.01915906843221961,1,4.670774270471604,0.9958980958353432,smoke,BSS_creel_model_02_2021-01-22_ppc.stan,0,6.26473593711853,TRUE,FALSE,unconverged
Skagit spring Chinook 2026 lower,Chinook_Adult_UM_Kept|Released,b[2],trailer,0.8496746509056747,0.14219699554962992,0.8444625395745302,0.6118725744669611,0.6818308742344161,1.0431645213383416,1.1328731517841666,0.991684397548168,22.710926394833635,30.249679897567223,0.02021998554334147,1,4.670774270471604,0.99567095638272,smoke,BSS_creel_model_02_2021-01-22_ppc.stan,0,6.26473593711853,TRUE,FALSE,unconverged
Skagit spring Chinook 2026 upper,Chinook_Adult|Jack_AD|UM_Kept|Released,b[1],vehicle,1.0770286550065318,0.07482027656691562,1.0999050157452106,0.9545823445362164,0.969382347608311,1.1603836199585058,1.1919502643307565,0.9992075295881592,31.671097382721804,16.142808336180387,0.00559807378554974,1,4.670774270471604,0.9988014677093388,smoke,BSS_creel_model_02_2021-01-22_ppc.stan,2,22.774601936340332,TRUE,FALSE,unconverged
Skagit spring Chinook 2026 upper,Chinook_Adult|Jack_AD|UM_Kept|Released,b[2],trailer,0.9150416192478974,0.1647947107558095,0.9218330538297348,0.6969344168590752,0.7121785585059629,1.1332182105017106,1.2412151072431377,1.0175827451548378,23.279270158498893,19.712140175219027,0.02715729669309092,1,4.670774270471604,0.9941856970342632,smoke,BSS_creel_model_02_2021-01-22_ppc.stan,2,22.774601936340332,TRUE,FALSE,unconverged
Skagit summer sockeye 2026,Chinook|Pink|Sockeye_Adult|Jack_AD|UM|UNK_Kept|Released,b[1],vehicle,0.7565755347831551,0.06691392121203472,0.7541694535169178,0.6480630708108777,0.6880394698626047,0.8314945813731656,0.8886479268832286,1.0434414808481136,20.135159648970824,14.703594211918467,0.00447747285197039,1,4.670774270471604,0.9990413853051566,smoke,BSS_creel_model_02_2021-01-22_ppc.stan,0,16.006234884262085,TRUE,FALSE,unconverged
Skagit summer sockeye 2026,Chinook|Pink|Sockeye_Adult|Jack_AD|UM|UNK_Kept|Released,b[2],trailer,0.7848049056044251,0.08039306192920755,0.7784782319281323,0.681672287350574,0.6956578125079789,0.8705181479664996,0.9665692546903984,0.99562577997668,44.31363764158987,21.910503130071877,0.0064630444063534,1,4.670774270471604,0.9986162798645156,smoke,BSS_creel_model_02_2021-01-22_ppc.stan,0,16.006234884262085,TRUE,FALSE,unconverged
Skagit fall salmon 2021,Coho_Adult_AD|UM_Kept,b[1],vehicle,0.6756229280200391,0.03033256547149781,0.6754173044822278,0.6179466997548734,0.6366435574048235,0.7152524969432796,0.7309140546850421,1.000317449413871,945.4026459353496,558.5470403519804,9.200645280827012e-4,1,4.670774270471604,0.9998030167002718,quick,BSS_creel_model_02_2021-01-22_ppc.stan,0,5115.3529279232025,TRUE,FALSE,informed
Skagit fall salmon 2021,Coho_Adult_AD|UM_Kept,b[2],trailer,0.6374794622015657,0.0405931068213807,0.6358511332183666,0.5647357151309919,0.5865705429332952,0.6901682327228129,0.7270666962249052,1.003671684028365,725.6968446323941,583.7235721278181,0.00164780032141202,1,4.670774270471604,0.9996472104567696,quick,BSS_creel_model_02_2021-01-22_ppc.stan,0,5115.3529279232025,TRUE,FALSE,informed
Skagit spring Chinook 2021 upper,Chinook_Adult_AD_Kept,b[1],vehicle,1.7466620967885698,0.3235354650392025,1.7124371003954135,1.239271627269254,1.3780744710245876,2.1435642091679332,2.4311165205257503,1.1287112476748673,11.872340076914837,241.94603144664,0.10467519713813302,1,4.670774270471604,0.9775893265063388,quick,BSS_creel_model_02_2021-01-22_ppc.stan,10,377.41245889663696,TRUE,FALSE,unconverged
Skagit spring Chinook 2021 upper,Chinook_Adult_AD_Kept,b[2],trailer,1.1462894054947936,0.25668334574268753,1.1331708106175644,0.7307428395456969,0.8310384726673989,1.4723760561393922,1.6499024867993517,1.0155746881159018,38.490318749282544,127.94978108744073,0.06588633998166006,1,4.670774270471604,0.9858939147630854,quick,BSS_creel_model_02_2021-01-22_ppc.stan,10,377.41245889663696,TRUE,FALSE,unconverged
Skagit fall salmon 2022,Coho_Adult_AD|UM_Kept,b[1],vehicle,0.9767402026826176,0.03968268196258871,0.9743628670558072,0.9034314075498056,0.927414641290852,1.026465106142033,1.055762316436741,1.0007794132124888,705.148921155406,352.7271218095036,0.00157471524774396,1,4.670774270471604,0.9996628577712052,quick,BSS_creel_model_02_2021-01-22_ppc.stan,0,769.7007501125336,TRUE,FALSE,informed
Skagit fall salmon 2022,Coho_Adult_AD|UM_Kept,b[2],trailer,0.9275544336714652,0.04472467932157619,0.9268016568756762,0.8482754436655159,0.8700931476849061,0.9859092659235978,1.0201268817379483,1.002259671321011,758.680741832949,436.6848883094089,0.00200029694041782,1,4.670774270471604,0.9995717418944728,quick,BSS_creel_model_02_2021-01-22_ppc.stan,0,769.7007501125336,TRUE,FALSE,informed
Skagit spring Chinook 2022 lower,Chinook_Adult_AD_Kept,b[1],vehicle,1.1621377444762904,0.15568723276618485,1.155652306410195,0.8907923522558268,0.96367947637455,1.3584638331189842,1.4879447719177188,1.003374716080035,365.6758085366151,361.6678775729158,0.02423851444639222,1,4.670774270471604,0.9948106003324488,quick,BSS_creel_model_02_2021-01-22_ppc.stan,30,70.06066703796387,TRUE,FALSE,informed
Skagit spring Chinook 2022 lower,Chinook_Adult_AD_Kept,b[2],trailer,0.8012988824426945,0.14894026242352043,0.7863983669446166,0.5575718191080834,0.6235454223676102,0.9928680576615776,1.1318392150840837,1.0000331383983547,315.44183340646185,352.93321824268145,0.02218320177078713,1,4.670774270471604,0.99525063715645,quick,BSS_creel_model_02_2021-01-22_ppc.stan,30,70.06066703796387,TRUE,FALSE,informed
Skagit summer sockeye 2022,Sockeye_Adult_AD|UM_Kept,b[1],vehicle,0.9149908732780774,0.07758908163446268,0.9103443026724618,0.7751215773544254,0.8163264261700401,1.012211902625248,1.0785246287703374,0.9995081451705984,632.7186067960052,469.2132617119691,0.00602006558887931,1,4.670774270471604,0.9987111204180992,quick,BSS_creel_model_02_2021-01-22_ppc.stan,15,236.67507100105288,TRUE,FALSE,informed
Skagit summer sockeye 2022,Sockeye_Adult_AD|UM_Kept,b[2],trailer,0.720572379753802,0.09589290949265504,0.7099797122012503,0.5549166436479983,0.6032439293176103,0.8448048167432878,0.94323322467777,1.0061089140728436,539.682438511124,526.9762884566188,0.00919545009096653,1,4.670774270471604,0.9980312792786628,quick,BSS_creel_model_02_2021-01-22_ppc.stan,15,236.67507100105288,TRUE,FALSE,informed
Skagit fall salmon 2023,Coho_Adult_AD|UM_Kept,b[1],vehicle,0.8406504404962638,0.02879819529943613,0.8401167680108742,0.788505390483236,0.8044183457740256,0.878717979852632,0.9028310263272076,0.9997191166795468,618.5446463147513,433.0845437307974,8.293360525044657e-4,1,4.670774270471604,0.9998224414188142,quick,BSS_creel_model_02_2021-01-22_ppc.stan,0,2591.0690438747406,TRUE,FALSE,informed
Skagit fall salmon 2023,Coho_Adult_AD|UM_Kept,b[2],trailer,0.7519653038238239,0.03457588824239634,0.7499355336207476,0.688072943446467,0.7102941397878313,0.7959626237345279,0.8219910404344485,1.004157351282352,444.705470687336,424.6463613090088,0.00119549204775068,1,4.670774270471604,0.9997440484214132,quick,BSS_creel_model_02_2021-01-22_ppc.stan,0,2591.0690438747406,TRUE,FALSE,informed
Skagit spring Chinook 2023 lower,Chinook_Adult_AD_Kept,b[1],vehicle,1.085311233767306,0.1849989428534388,1.0702388192561194,0.7611096706448065,0.8466019787907253,1.3216074574666774,1.4981148118035186,1.001538895390622,532.5574498872635,455.9630522680887,0.03422460885688992,1,4.670774270471604,0.9926726048241604,quick,BSS_creel_model_02_2021-01-22_ppc.stan,32,56.51935601234436,TRUE,FALSE,informed
Skagit spring Chinook 2023 lower,Chinook_Adult_AD_Kept,b[2],trailer,0.8144891115916177,0.17272801139303903,0.8033632250310565,0.5235700514865426,0.6046056498964114,1.062240022015624,1.189836875116137,1.0057505923222103,458.80286341330594,429.5818250265548,0.02983496591979382,1,4.670774270471604,0.9936124153743826,quick,BSS_creel_model_02_2021-01-22_ppc.stan,32,56.51935601234436,TRUE,FALSE,informed
Skagit spring Chinook 2023 upper,Chinook_Adult_AD_Kept,b[1],vehicle,2.0861249904664665,0.33333324770394035,2.0812958529539456,1.5269625513079903,1.6543641799416615,2.541474418081211,2.795222447959545,1.0068265020370084,675.4902556525118,511.4484659478271,0.11111105402485644,1,4.670774270471604,0.9762114271444684,quick,BSS_creel_model_02_2021-01-22_ppc.stan,10,91.65720415115356,TRUE,FALSE,informed
Skagit spring Chinook 2023 upper,Chinook_Adult_AD_Kept,b[2],trailer,1.243351301124373,0.27100459805203414,1.207338955124892,0.8043631488575015,0.9333138273114258,1.6088691349497497,1.8393594893875584,1.001723798170475,537.5970272540407,428.1006944412411,0.07344349216534458,1,4.670774270471604,0.9842759491440958,quick,BSS_creel_model_02_2021-01-22_ppc.stan,10,91.65720415115356,TRUE,FALSE,informed
Skagit summer sockeye 2023,Sockeye_Adult_AD|UM_Kept,b[1],vehicle,1.0620639788801527,0.1158517974686034,1.057834876966819,0.8511169156864149,0.9164511469654166,1.2049208241929812,1.3037734835013728,1.0038694404466664,603.1858070287518,314.30899815082444,0.0134216389767063,1,4.670774270471604,0.997126463793903,quick,BSS_creel_model_02_2021-01-22_ppc.stan,13,88.69009590148926,TRUE,FALSE,informed
Skagit summer sockeye 2023,Sockeye_Adult_AD|UM_Kept,b[2],trailer,2.0393588550138113,0.5071136787647964,2.0020339283968225,1.1938450843412938,1.4475347424982852,2.6987244192058557,3.2262928166530993,1.0169978726666722,240.88170544959243,180.6910509839763,0.2571642831903651,1,4.670774270471604,0.9449418301337864,quick,BSS_creel_model_02_2021-01-22_ppc.stan,13,88.69009590148926,TRUE,FALSE,informed
Skagit fall salmon 2024,Coho_Adult_AD|UM_Kept,b[1],vehicle,0.7838173071632935,0.03569906996905826,0.7835155292885241,0.7171930627083433,0.7369802524079747,0.8301452927301398,0.8531932908051938,0.9991919332754516,518.6270590021488,502.67095255321345,0.00127442359665571,1,4.670774270471604,0.9997271493926152,quick,BSS_creel_model_02_2021-01-22_ppc.stan,0,1511.7270641326904,TRUE,FALSE,informed
Skagit fall salmon 2024,Coho_Adult_AD|UM_Kept,b[2],trailer,0.6782302285859713,0.0387791870956813,0.6764526018872101,0.599866307780831,0.6306201853753831,0.7291844075547957,0.7529025448693931,1.0023098832850836,387.28351791801794,399.65553360374776,0.00150382535180185,1,4.670774270471604,0.999678035104092,quick,BSS_creel_model_02_2021-01-22_ppc.stan,0,1511.7270641326904,TRUE,FALSE,informed
Skagit spring Chinook 2024 lower,Chinook_Adult_AD_Kept,b[1],vehicle,0.8732897599158511,0.11233817432978768,0.8737133063047913,0.6657733747846726,0.7283846566876677,1.0168757113257734,1.1103749359323385,1.0010045873874462,308.2456122458993,420.0456343445304,0.01261986541174976,1,4.670774270471604,0.9972981213218692,quick,BSS_creel_model_02_2021-01-22_ppc.stan,11,74.25200200080872,TRUE,FALSE,informed
Skagit spring Chinook 2024 lower,Chinook_Adult_AD_Kept,b[2],trailer,0.5531481925916716,0.09449560030445232,0.5426237969817647,0.3936798801857452,0.4462573520958292,0.6808915619177401,0.7850419349552762,1.0069068509207215,229.2474765349497,315.54842381957906,0.0089294184768988,1,4.670774270471604,0.9980882359198238,quick,BSS_creel_model_02_2021-01-22_ppc.stan,11,74.25200200080872,TRUE,FALSE,informed
Skagit spring Chinook 2024 upper,Chinook_Adult_AD_Kept,b[1],vehicle,1.4010612578516055,0.13302493884620947,1.3911104708350988,1.159076804853558,1.2375900482686002,1.5769588568811996,1.6682876929908013,1.0006207968947938,643.8064636542069,378.65149059065186,0.01769563435503777,1,4.670774270471604,0.9962114130697968,quick,BSS_creel_model_02_2021-01-22_ppc.stan,7,413.601735830307,TRUE,FALSE,informed
Skagit spring Chinook 2024 upper,Chinook_Adult_AD_Kept,b[2],trailer,0.49473700767247986,0.07010012479843791,0.489491439016732,0.37999120206343245,0.40778368610350546,0.5837324186995708,0.6552922439370169,1.003208125224105,338.1760010632009,364.7887321082203,0.00491402749675657,1,4.670774270471604,0.9989479201493802,quick,BSS_creel_model_02_2021-01-22_ppc.stan,7,413.601735830307,TRUE,FALSE,informed
Skagit summer sockeye 2024,Sockeye_Adult_AD|UM_Kept,b[1],vehicle,0.7405232041857299,0.05841116701208009,0.7351027159453869,0.6285622427515619,0.6688694996958618,0.8181723916277062,0.863183038003053,0.9979011494993052,467.23754237789313,387.2673948220064,0.00341186443171311,1,4.670774270471604,0.9992695291542384,quick,BSS_creel_model_02_2021-01-22_ppc.stan,8,359.84073305130005,TRUE,FALSE,informed
Skagit summer sockeye 2024,Sockeye_Adult_AD|UM_Kept,b[2],trailer,0.6571088826624422,0.08340610138385447,0.6502273290471035,0.5132535481503331,0.5592579035221401,0.756684273520268,0.841041665732152,1.005344322990418,381.3210586900621,367.9211488411656,0.00695657774805381,1,4.670774270471604,0.9985106157255268,quick,BSS_creel_model_02_2021-01-22_ppc.stan,8,359.84073305130005,TRUE,FALSE,informed
Skagit fall salmon 2025,Coho_Adult_AD|UM_Kept,b[1],vehicle,0.8520783129738484,0.03464395217720113,0.8515521647832756,0.7856367119498557,0.8064525654719148,0.8968724099022557,0.9187197905155052,1.0456717788804084,41.433984855060984,282.27694368244175,0.00120020342245619,1,4.670774270471604,0.9997430397289708,quick,BSS_creel_model_02_2021-01-22_ppc.stan,0,6399.44721698761,TRUE,FALSE,unconverged
Skagit fall salmon 2025,Coho_Adult_AD|UM_Kept,b[2],trailer,0.7880484546446382,0.04360186574833515,0.786231369267165,0.7079873110159232,0.7327331414943092,0.8456463650366066,0.8851408143131372,1.006543311575356,514.430620822143,395.6454647943935,0.00190112269673584,1,4.670774270471604,0.9995929748288728,quick,BSS_creel_model_02_2021-01-22_ppc.stan,0,6399.44721698761,TRUE,FALSE,informed
Skagit spring Chinook 2025 lower,Chinook_Adult_AD_Kept,b[1],vehicle,1.102033235456538,0.1391327789507262,1.1066064627853878,0.8594437904386475,0.9193311244661606,1.2848177377932637,1.386119410417442,1.006144936140986,373.4485224734637,470.8673783587081,0.01935793017855164,1,4.670774270471604,0.9958555200792016,quick,BSS_creel_model_02_2021-01-22_ppc.stan,18,131.02824187278748,TRUE,FALSE,informed
Skagit spring Chinook 2025 lower,Chinook_Adult_AD_Kept,b[2],trailer,0.9936813405929192,0.17838108803615152,0.987516055529494,0.698018983917341,0.7682243519473819,1.209184210053864,1.3678399756960296,1.010773472696148,233.03300201367776,317.569725217102,0.03181981256896124,1,4.670774270471604,0.9931874651339664,quick,BSS_creel_model_02_2021-01-22_ppc.stan,18,131.02824187278748,TRUE,FALSE,informed
Skagit spring Chinook 2025 upper,Chinook_Adult_AD_Kept,b[1],vehicle,1.8542200451789443,0.14122534809067583,1.805149576148404,1.6440370269698803,1.7215525953622262,2.0544229822102453,2.1849327863655645,1.0470035098486066,32.04732848882553,194.1550920787376,0.01994459894333255,1,4.670774270471604,0.9957299159007916,quick,BSS_creel_model_02_2021-01-22_ppc.stan,244,447.01906299591064,TRUE,FALSE,unconverged
Skagit spring Chinook 2025 upper,Chinook_Adult_AD_Kept,b[2],trailer,1.2574909631199336,0.1807544224679561,1.279049148172983,0.9158157525252798,1.0414270816089175,1.4525411497273062,1.6567460884818743,1.1001164236342316,25.996373253597735,204.62326036642943,0.03267216124172434,1,4.670774270471604,0.9930049796137064,quick,BSS_creel_model_02_2021-01-22_ppc.stan,244,447.01906299591064,TRUE,FALSE,unconverged
Skagit summer sockeye 2025,Sockeye_Adult_AD|UM_Kept,b[1],vehicle,0.703176718313017,0.06039851895149054,0.6996381915702148,0.5892197364804892,0.6271792003662758,0.7843334288160324,0.8226216660935791,1.0015782346323212,487.9984376583874,366.1212920356715,0.00364798109153356,1,4.670774270471604,0.999218977222985,quick,BSS_creel_model_02_2021-01-22_ppc.stan,11,192.1479618549347,TRUE,FALSE,informed
Skagit summer sockeye 2025,Sockeye_Adult_AD|UM_Kept,b[2],trailer,0.9048334180033374,0.11696474034279009,0.8986575428208023,0.6921526835522982,0.7689553309507758,1.057226171894392,1.1697191229636932,1.0055705526121532,375.961739253106,456.73675645263495,0.0136807504834563,1,4.670774270471604,0.997070988728797,quick,BSS_creel_model_02_2021-01-22_ppc.stan,11,192.1479618549347,TRUE,FALSE,informed
Snohomish fall salmon 2021,Coho_Adult_AD|UM_Kept,b[1],vehicle,1.32368425242935,0.05684262402149077,1.3247659585507892,1.218728421706032,1.2510684418022275,1.3960790064144797,1.439563515830903,1.0052551735084083,564.2999888118973,514.8169017597829,0.00323108390564856,1,4.670774270471604,0.9993082337705602,quick,BSS_creel_model_02_2021-01-22_ppc.stan,24,715.8296151161194,TRUE,FALSE,informed
Snohomish fall salmon 2021,Coho_Adult_AD|UM_Kept,b[2],trailer,0.6554414996535963,0.04845862999219717,0.653388922660089,0.5725325750254731,0.5951277363360183,0.7213991506653299,0.7546008346627036,1.0009987872807318,385.6074535431255,441.1776887635888,0.00234823882072067,1,4.670774270471604,0.999497248489278,quick,BSS_creel_model_02_2021-01-22_ppc.stan,24,715.8296151161194,TRUE,FALSE,informed
Snohomish fall salmon 2022,Coho_Adult_AD|UM_Kept,b[1],vehicle,1.4212288000404167,0.27306256125308687,1.400824900031528,0.9664920468918275,1.0877467025096954,1.8046079385533171,2.010009978221338,1.0153930452398894,882.9526606749723,450.40746996183424,0.07456316235809582,1,4.670774270471604,0.9840362308173444,quick,BSS_creel_model_02_2021-01-22_ppc.stan,5,190.0582230091095,TRUE,FALSE,informed
Snohomish fall salmon 2022,Coho_Adult_AD|UM_Kept,b[2],trailer,0.8176721997858136,0.23086194664755227,0.7827989130728443,0.45680876683617005,0.5539950390822818,1.1482748357468973,1.3697400173685623,1.003326387600408,575.5097956249973,485.7602607620828,0.05329723840989727,1,4.670774270471604,0.9885892069871928,quick,BSS_creel_model_02_2021-01-22_ppc.stan,5,190.0582230091095,TRUE,FALSE,informed
Snohomish fall salmon 2023,Coho_Adult_AD|UM_Kept,b[1],vehicle,1.372290641448778,0.03778692443472684,1.3713042336357404,1.3059772493330748,1.324809443802382,1.4209476454628147,1.4471333407941014,1.0054739314484744,504.6404405145923,331.5511844573756,0.00142785165823575,1,4.670774270471604,0.9996943008641496,quick,BSS_creel_model_02_2021-01-22_ppc.stan,10,1941.3843438625336,TRUE,FALSE,informed
Snohomish fall salmon 2023,Coho_Adult_AD|UM_Kept,b[2],trailer,0.9047085889418016,0.04405504067871626,0.9041311688284164,0.8193313183878026,0.8511196222533378,0.961757674410438,0.99290490353431,1.0052117254005115,240.1145897705709,402.09596730897823,0.00194084660920334,1,4.670774270471604,0.9995844700478306,quick,BSS_creel_model_02_2021-01-22_ppc.stan,10,1941.3843438625336,TRUE,FALSE,informed
Snohomish fall salmon 2025,Coho_Adult_AD|UM_Kept,b[1],vehicle,1.2121247494205285,0.07320683563505849,1.212371168054622,1.0690104139974446,1.1254433878696746,1.306250420021222,1.351789977241613,1.0030389307499543,625.539316030946,429.24658079039864,0.00535924078369846,1,4.670774270471604,0.9988526012019936,quick,BSS_creel_model_02_2021-01-22_ppc.stan,25,1251.968677997589,TRUE,FALSE,informed
Snohomish fall salmon 2025,Coho_Adult_AD|UM_Kept,b[2],trailer,0.8795281893374426,0.08549996588080712,0.8698786611227072,0.722442595042625,0.7778758733207841,0.994485334635385,1.0698315496861297,1.0034839221235,305.6308679237708,166.55852734941712,0.00731024416561918,1,4.670774270471604,0.998434896712557,quick,BSS_creel_model_02_2021-01-22_ppc.stan,25,1251.968677997589,TRUE,FALSE,informed
Snohomish fall salmon 2024,Coho_Adult_AD|UM_Kept,b[1],vehicle,1.5540533204324796,0.11131125248479044,1.5437535887159524,1.3543365222969266,1.422958492392366,1.7012024660869514,1.784764357636254,1.0007000354782771,593.1321737806196,419.1360250490914,0.01239019492973276,1,4.670774270471604,0.9973472931440804,quick,BSS_creel_model_02_2021-01-22_ppc.stan,4,388.30023884773254,TRUE,FALSE,informed
Snohomish fall salmon 2024,Coho_Adult_AD|UM_Kept,b[2],trailer,1.110593041836485,0.10095552033269178,1.1041394661244897,0.9309856189718728,0.98309871310263,1.246201878439672,1.313489923948413,0.999170754789857,523.444777674013,502.5412009146097,0.01019201708564454,1,4.670774270471604,0.9978179170100174,quick,BSS_creel_model_02_2021-01-22_ppc.stan,4,388.30023884773254,TRUE,FALSE,informed
Stillaguamish salmon and gamefish 2023-24,Coho_Adult_AD|UM_Kept,b[1],vehicle,1.558604531695967,0.13315178795481605,1.545961521441628,1.3158906411609077,1.400889906657243,1.7275986947110131,1.8320337281108463,0.9987793237741488,660.130189906948,439.5565637982445,0.01772939863556429,1,4.670774270471604,0.9962041842296578,quick,BSS_creel_model_02_2021-01-22_ppc.stan,6,82.77812886238098,TRUE,FALSE,informed
Stillaguamish salmon and gamefish 2023-24,Coho_Adult_AD|UM_Kept,b[2],trailer,0.7649313519305303,0.25423683687809306,0.720057032205895,0.38963448376019777,0.477619323301134,1.0772582367825074,1.370757832053405,0.9987822038457476,437.2856024089587,398.2336726229665,0.0646363692257781,1,4.670774270471604,0.986161530084122,quick,BSS_creel_model_02_2021-01-22_ppc.stan,6,82.77812886238098,TRUE,FALSE,informed
Stillaguamish salmon and gamefish 2024-25,Coho_Adult_AD|UM_Kept,b[1],vehicle,1.736144130513511,0.17697740453822902,1.7303004147084584,1.42826312107996,1.4990133849352103,1.9666985817890352,2.112176838612359,1.0151720048011663,559.950919436036,442.574952645657,0.03132100171708796,1,4.670774270471604,0.9932942591734528,quick,BSS_creel_model_02_2021-01-22_ppc.stan,16,988.5417320728302,TRUE,FALSE,informed
Stillaguamish salmon and gamefish 2024-25,Coho_Adult_AD|UM_Kept,b[2],trailer,2.0586901338458876,0.6366965471594697,1.9716743013718163,1.1287094313507673,1.3099073902559453,2.8390511706355688,3.5814015525874487,1.001141351212214,722.8926208387526,368.58628846851985,0.40538249316479075,1,4.670774270471604,0.9132087166516272,quick,BSS_creel_model_02_2021-01-22_ppc.stan,16,988.5417320728302,TRUE,FALSE,informed
Stillaguamish salmon and gamefish 2025-26,Coho_Adult_AD|UM_Kept,b[1],vehicle,1.143961652331828,0.10541407822935996,1.140963947539818,0.9472512049570292,1.014890048001503,1.2812046682731306,1.3702386563311042,1.0220035031884012,799.8170670264731,511.1624415486086,0.01111212788894562,1,4.670774270471604,0.9976209238028916,quick,BSS_creel_model_02_2021-01-22_ppc.stan,1,359.81850004196167,TRUE,FALSE,informed
Stillaguamish salmon and gamefish 2025-26,Coho_Adult_AD|UM_Kept,b[2],trailer,1.352718339404937,0.6081572238519669,1.235217090428705,0.5538959266735113,0.7348182852567137,2.1568198706642265,3.0006006086575705,1.002080527494252,805.5129611351939,396.5016006317929,0.3698552089233314,1,4.670774270471604,0.9208150110653952,quick,BSS_creel_model_02_2021-01-22_ppc.stan,1,359.81850004196167,TRUE,FALSE,informed
Stillaguamish salmon and gamefish 2022-23,Coho_Adult_AD|UM_Kept,b[1],vehicle,1.676414001301637,0.21366830981128557,1.6647055384387637,1.2980240767173228,1.4135745937698592,1.96610268076882,2.120980460467218,1.007894672687338,1289.2225716919295,510.7628878696589,0.04565414661761151,1,4.670774270471604,0.990225572041399,quick,BSS_creel_model_02_2021-01-22_ppc.stan,4,744.2261519432068,TRUE,FALSE,informed
Stillaguamish salmon and gamefish 2022-23,Coho_Adult_AD|UM_Kept,b[2],trailer,0.7175996435466796,0.23878093326995337,0.6768229183546177,0.38174740914879934,0.46226654720343247,1.0046353382171929,1.2601613464390826,0.9975212865686188,940.1586653064984,487.5030617698667,0.05701633409326992,1,4.670774270471604,0.987792958770514,quick,BSS_creel_model_02_2021-01-22_ppc.stan,4,744.2261519432068,TRUE,FALSE,informed
Stillaguamish salmon and gamefish 2024-25 [MS],Coho_Adult_AD|UM_Kept,b[1],vehicle,1.7728111248714364,0.19614773721394357,1.757655655808017,1.4227955778682508,1.526294863699441,2.0322736099114236,2.1846711234585112,1.0009229316588075,4446.883227021171,2688.780058455333,0.03847393481415026,1,4.670774270471604,0.9917628357556518,prod,BSS_creel_model_02_2021-01-22_ppc.stan,18,1358.9232249259949,TRUE,FALSE,informed
Stillaguamish salmon and gamefish 2024-25 [MS],Coho_Adult_AD|UM_Kept,b[2],trailer,3.340856360112854,1.550145733526367,3.0332134930710284,1.3077816521770491,1.7388351657955337,5.321564943109969,7.158747989528146,1.000436526039798,3398.9372458487173,3014.5741270966696,2.4029517951699986,1,4.670774270471604,0.4855345910502811,prod,BSS_creel_model_02_2021-01-22_ppc.stan,18,1358.9232249259949,TRUE,FALSE,informed
Stillaguamish salmon and gamefish 2025-26 [MS],Coho_Adult|Jack_UM|AD_Kept,b[1],vehicle,1.1429656172670477,0.10705304134759136,1.136769898228852,0.9440558491840212,1.0109594415503895,1.2818699117397223,1.366001551396179,1.000117447685195,4433.131998816321,3113.0535973500396,0.0114603536617691,1,4.670774270471604,0.9975463696170844,prod,BSS_creel_model_02_2021-01-22_ppc.stan,19,658.1377367973328,TRUE,FALSE,informed
Stillaguamish salmon and gamefish 2025-26 [MS],Coho_Adult|Jack_UM|AD_Kept,b[2],trailer,0.9637584880836249,0.4657562189987572,0.8616795839195318,0.3797898513158487,0.4985868716858154,1.5489315712446154,2.1362763049145745,1.001059467475572,2655.1118230179973,2766.270303098497,0.21692885553601823,1,4.670774270471604,0.9535561251787672,prod,BSS_creel_model_02_2021-01-22_ppc.stan,19,658.1377367973328,TRUE,FALSE,informed
Stillaguamish salmon and gamefish 2024-25 [NF],Coastal Cutthroat_NA_NA|UM|UNK_Released,b[1],vehicle,1.4633084628634407,0.5536616795288234,1.3616509169721271,0.6876203173443549,0.8642508427217424,2.166246845492079,2.831572248321843,1.000922210707433,7380.578670905256,5566.095321898678,0.30654125537867755,1,4.670774270471604,0.9343703553998284,prod_hard,BSS_creel_model_02_2021-01-22_ppc.stan,30,825.6648180484772,TRUE,FALSE,informed
Stillaguamish salmon and gamefish 2024-25 [NF],Coastal Cutthroat_NA_NA|UM|UNK_Released,b[2],trailer,1.0343889464427205,0.8378581090391768,0.8069410654258512,0.2070844658765141,0.3243821553907798,1.9866216566213255,3.231773367213102,1.001162899895003,4061.4634252919777,5111.787748364038,0.7020062108827051,1,4.670774270471604,0.8497023897470806,prod_hard,BSS_creel_model_02_2021-01-22_ppc.stan,30,825.6648180484772,TRUE,FALSE,informed
Stillaguamish salmon and gamefish 2025-26 [NF],Coastal Cutthroat_NA_NA|UM|UNK_Released,b[1],vehicle,1.1658823221840189,0.39538712699582496,1.102213816452636,0.5875829938900288,0.7251255213902841,1.6727122161796213,2.1147178965537687,1.000772338953014,6214.709929433919,5691.355337048197,0.15633098019401262,1,4.670774270471604,0.9665299645965918,prod_hard,BSS_creel_model_02_2021-01-22_ppc.stan,101,1585.2407941818237,TRUE,FALSE,informed
Stillaguamish salmon and gamefish 2025-26 [NF],Coastal Cutthroat_NA_NA|UM|UNK_Released,b[2],trailer,1.829197963173557,1.5820777888948376,1.378726723858398,0.3174095162576963,0.533572260402394,3.602254686368058,6.106544852293887,1.0008253538538665,4338.341961463696,5000.826764553123,2.5029701301143783,1,4.670774270471604,0.4641209390190343,prod_hard,BSS_creel_model_02_2021-01-22_ppc.stan,101,1585.2407941818237,TRUE,FALSE,informed
